event_id_cnty,event_date,year,time_precision,disorder_type,event_type,sub_event_type,actor1,assoc_actor_1,inter1,actor2,assoc_actor_2,inter2,interaction,civilian_targeting,iso,region,country,admin1,admin2,admin3,location,latitude,longitude,geo_precision,source,source_scale,notes,fatalities,tags,timestamp
PSE69996,3/1/2025,2025,1,Political violence,Violence against civilians,Attack,Military Forces of Israel (2022-),,8,Civilians (Palestine),,7,78,Civilian targeting,275,Middle East,Palestine,Gaza Strip,Rafah,,Tal as Sultan,31.3098,34.2414,1,Quds News Network,National,"On 1 March 2025, Israeli forces shot a child in the foot in Tal as Sultan (Rafah, Gaza Strip). This event occurred following the expiration of the first phase of the ceasefire.",0,,1762829569
PSE69944,3/2/2025,2025,1,Political violence,Explosions/Remote violence,Air/drone strike,Military Forces of Israel (2022-),,8,Civilians (Palestine),,7,78,Civilian targeting,275,Middle East,Palestine,Gaza Strip,Rafah,,Al Bayuk,31.2747,34.2899,2,Palestine News and Information Agency; Twitter,New media-National,"On 2 March 2025, an Israeli drone targeted east of Gaza airport in eastern Rafah, coded to Al Bayuk (Rafah, Gaza Strip) and killed two people. According to Israeli media, the two 'suspects were identified near Israeli forces and posed a threat'. This event occurred following the expiration of the first phase of the ceasefire.",2,,1753956656
PSE69947,3/2/2025,2025,1,Political violence,Explosions/Remote violence,Shelling/artillery/missile attack,Military Forces of Israel (2022-),,8,Civilians (Palestine),,7,78,Civilian targeting,275,Middle East,Palestine,Gaza Strip,Khan Yunis,,Al Farahin,31.3319,34.3602,1,Liveuamap; Palestine News and Information Agency,Local partner-New media,"On 2 March 2025, Israeli vehicles opened fire at Al Farahin (Khan Yunis, Gaza Strip) killing one woman and injuring two other people. This event occurred following the expiration of the first phase of the ceasefire.",1,,1753956656
PSE69998,3/2/2025,2025,1,Political violence,Explosions/Remote violence,Shelling/artillery/missile attack,Military Forces of Israel (2022-),,8,Civilians (Palestine),,7,78,Civilian targeting,275,Middle East,Palestine,Gaza Strip,Rafah,,Tal as Sultan,31.3098,34.2414,1,Quds News Network,National,"On 2 March 2025, Israeli forces fired, likely artillery, on a residential house in Tal as Sultan (Rafah, Gaza Strip) injuring several people. This event occurred following the expiration of the first phase of the ceasefire.",0,,1762829569
PSE69964,3/2/2025,2025,1,Political violence,Explosions/Remote violence,Shelling/artillery/missile attack,Military Forces of Israel (2022-),,8,Civilians (Palestine),,7,78,Civilian targeting,275,Middle East,Palestine,Gaza Strip,Gaza City,,Gaza - Shujaiyya,31.4988,34.4699,1,Palestinian Ministry of Health; Quds News Network,Other-National,"On 2 March 2025, Israeli artillery fired towards residential houses in Gaza - Shujaiyya (Gaza City, Gaza Strip). Casualties unknown. This event occurred following the expiration of the first phase of the ceasefire. [Palestinian Ministry of Health reported 7 fatalities between 1 - 2 March 2025. 2 fatalities not attributed to specific events added to this event.]",2,,1759790002
PSE69990,3/2/2025,2025,1,Political violence,Violence against civilians,Attack,Military Forces of Israel (2022-),,8,Civilians (Palestine),,7,78,Civilian targeting,275,Middle East,Palestine,Gaza Strip,Rafah,,Rafah,31.287,34.2595,1,Ma'an News Agency; Newpress; Quds News Network; Twitter,New media-National,"On 2 March 2025, an Israeli sniper shot and killed a Palestinian man in Rafah (Rafah, Gaza Strip), and fired continuous live ammunition in the location injuring two other women. Israeli artillery also fired gunshots at the same location as well as sound bombs. These events occurred following the expiration of the first phase of the ceasefire.",1,,1762829569
PSE69942,3/3/2025,2025,1,Political violence,Explosions/Remote violence,Air/drone strike,Military Forces of Israel (2022-),,8,Civilians (Palestine),,7,78,Civilian targeting,275,Middle East,Palestine,Gaza Strip,Khan Yunis,,Coast of Khan Yunis,31.3822,34.271,2,Quds News Network; Twitter,New media-National,"On 3 March 2025, Israeli warplanes fired at a vessel off the Coast of Khan Yunis (Khan Yunis, Gaza Strip). Casualties unknown. According to Israeli media, the IDF struck a vessel 'that exceeded a maritime boundary and posed a threat'. This event occurred following the expiration of the first phase of the ceasefire.",0,,1753956656
PSE69965,3/3/2025,2025,1,Political violence,Explosions/Remote violence,Shelling/artillery/missile attack,Military Forces of Israel (2022-),,8,Civilians (Palestine),,7,78,Civilian targeting,275,Middle East,Palestine,Gaza Strip,Gaza City,,Gaza - Shujaiyya,31.4988,34.4699,1,Quds News Network,National,"On 3 March 2025, Israeli artillery fired gunshots at residential houses in Gaza - Shujaiyya (Gaza City, Gaza Strip). Casualties unknown. This event occurred following the expiration of the first phase of the ceasefire.",0,,1759790002
PSE69972,3/3/2025,2025,1,Political violence,Explosions/Remote violence,Air/drone strike,Military Forces of Israel (2022-),,8,Civilians (Palestine),,7,78,Civilian targeting,275,Middle East,Palestine,Gaza Strip,Khan Yunis,,Al Mawasi (Khan Yunis),31.3482,34.2547,1,Newpress; Quds News Network; Twitter,New media-National,"On 3 March 2025, an Israeli helicopter launched two airstrikes on Al Mawasi (Khan Yunis) (Khan Yunis, Gaza Strip) injuring 3 people, including a child. This event occurred following the expiration of the first phase of the ceasefire.",0,,1762829569
PSE69974,3/3/2025,2025,1,Political violence,Violence against civilians,Attack,Military Forces of Israel (2022-),,8,Civilians (Palestine),,7,78,Civilian targeting,275,Middle East,Palestine,Gaza Strip,Khan Yunis,,Al Qararah,31.3739,34.3409,1,Quds News Network,National,"On 3 March 2025, Israeli forces fired gunshots at Eastern Al Qararah (Khan Yunis, Gaza Strip) injuring a child. This event occurred following the expiration of the first phase of the ceasefire.",0,,1753956656
PSE70000,3/3/2025,2025,1,Political violence,Explosions/Remote violence,Shelling/artillery/missile attack,Military Forces of Israel (2022-),,8,Civilians (Palestine),,7,78,Civilian targeting,275,Middle East,Palestine,Gaza Strip,Rafah,,Tal as Sultan,31.3098,34.2414,1,Quds News Network,National,"On 3 March 2025, an Israeli tank fired at Saudi neighborhood in Tal as Sultan (Rafah, Gaza Strip) injuring one Palestinian man. This event occurred following the expiration of the first phase of the ceasefire.",0,,1762829569
PSE69962,3/3/2025,2025,1,Political violence,Explosions/Remote violence,Air/drone strike,Military Forces of Israel (2022-),,8,Civilians (Palestine),,7,78,Civilian targeting,275,Middle East,Palestine,Gaza Strip,Gaza City,,Gaza - Ijdeedeh,31.4984,34.4978,1,Liveuamap; Quds News Network,Local partner-New media,"On 3 March 2025, an Israeli drone fired live ammunition east of Gaza - At Tuffah, coded to Gaza - Ijdeedeh (Gaza City, Gaza Strip) injuring two people. This event occurred following the expiration of the first phase of the ceasefire.",0,,1753956656
PSE69945,3/3/2025,2025,1,Political violence,Explosions/Remote violence,Air/drone strike,Military Forces of Israel (2022-),,8,Civilians (Palestine),,7,78,Civilian targeting,275,Middle East,Palestine,Gaza Strip,Rafah,,Rafah,31.287,34.2595,1,Palestine News and Information Agency; Times of Israel,National-Regional,"On 3 March 2025, an Israeli quadcopter drone targeted Rafah (Rafah, Gaza Strip) with live ammunition, killing two people. According to Israeli media, the IDF fired at the 'two suspects as they posed an imminent threat'. Also, Israeli artillery stationed along the Philadelphi corridor fired towards Rafah. Casualties unknown.This event occurred following the expiration of the first phase of the ceasefire.",2,,1762829569
PSE69986,3/3/2025,2025,1,Political violence,Explosions/Remote violence,Shelling/artillery/missile attack,Military Forces of Israel (2022-),,8,Civilians (Palestine),,7,78,Civilian targeting,275,Middle East,Palestine,Gaza Strip,Rafah,,Al Junainah,31.2642,34.2636,1,Quds News Network,National,"On 3 March 2025, Israeli military vehicle fired gunshots at residential houses in Al Junainah (Rafah, Gaza Strip). Casualties unknown. This event occurred following the expiration of the first phase of the ceasefire.",0,,1753956656
PSE69961,3/4/2025,2025,1,Political violence,Violence against civilians,Attack,Military Forces of Israel (2022-),,8,Civilians (Palestine),,7,78,Civilian targeting,275,Middle East,Palestine,Gaza Strip,Deir El Balah,,Al Burayj,31.4394,34.4031,2,Quds News Network,National,"On 4 March 2025, Israeli military stationed east of Deir El Balah along the buffer zone, targeted east of the city, coded to Al Burayj (Deir El Balah, Gaza Strip) with gunshots, killing one Palestinian man. This event occurred following the expiration of the first phase of the ceasefire.",1,,1753956656
PSE69980,3/4/2025,2025,1,Political violence,Explosions/Remote violence,Shelling/artillery/missile attack,Military Forces of Israel (2022-),,8,Civilians (Palestine),,7,78,Civilian targeting,275,Middle East,Palestine,Gaza Strip,North Gaza,,Beit Hanoun - Hay Al Masreen,31.5356,34.5513,2,Palestine News and Information Agency,National,"On 4 March 2025, Israeli artillery stationed at Beit Hanoun - Hay Al Masreen (North Gaza, Gaza Strip) along the buffer zone, targeted east of Beit Hanoun with gunfire killing two people. This event occurred following the expiration of the first phase of the ceasefire.",2,,1753956656
PSE69984,3/4/2025,2025,1,Political violence,Violence against civilians,Attack,Military Forces of Israel (2022-),,8,Civilians (Palestine),,7,78,Civilian targeting,275,Middle East,Palestine,Gaza Strip,Rafah,,Al Bayuk,31.2747,34.2899,3,Quds News Network; Twitter,New media-National,"On 4 March 2025, Israeli forces fired with gunshots at a Palestinian man injuring him south of the Gaza Strip, along the buffer zone, coded to Al Bayuk (Rafah, Gaza Strip). According to Israeli media, the 'suspect approached forces and posed an imminent threat to Israeli troops'. This event occurred following the expiration of the first phase of the ceasefire.",0,,1753956656
PSE69960,3/4/2025,2025,1,Political violence,Violence against civilians,Attack,Military Forces of Israel (2022-),,8,Civilians (Palestine),Aid Workers (Palestine),7,78,Civilian targeting,275,Middle East,Palestine,Gaza Strip,Rafah,,Rafah Border Crossing,31.2486,34.2592,2,Palestinian Ministry of Health; Quds News Network,Other-National,"On 4 March 2025, Israeli forces intercepted WHO ambulance vehicles and opened fire in the vicinity of the vehicles at the gate of the Rafah Border Crossing (Rafah, Gaza Strip) while they were transporting patients scheduled to be evacuated. Casualties unknown. This event occurred following the expiration of the first phase of the ceasefire. [Palestinian Ministry of Health reported 6 fatalities between 3 - 4 March 2025. 1 fatality not attributed to specific events added to this event.]",1,,1753956656
PSE69987,3/4/2025,2025,1,Political violence,Violence against civilians,Attack,Military Forces of Israel (2022-),,8,Civilians (Palestine),,7,78,Civilian targeting,275,Middle East,Palestine,Gaza Strip,Rafah,,Al Junainah,31.2642,34.2636,1,Liveuamap,Local partner-New media,"On 4 March 2025, Israeli forces fired gunshots injuring a child in Al Junainah (Rafah, Gaza Strip). This event occurred following the expiration of the first phase of the ceasefire.",0,,1753956656
PSE69981,3/5/2025,2025,1,Political violence,Explosions/Remote violence,Air/drone strike,Military Forces of Israel (2022-),,8,Civilians (Palestine),,7,78,Civilian targeting,275,Middle East,Palestine,Gaza Strip,North Gaza,,Beit Hanoun - Hay Al Masreen,31.5356,34.5513,2,Quds News Network,National,"On 5 March 2025, an Israeli drone struck a group of people east Beit Hanoun, coded to Beit Hanoun - Hay Al Masreen (North Gaza, Gaza Strip), resulting in injuries. The event occurred following the expiration of the first phase of the ceasefire",0,,1753956656
PSE69970,3/5/2025,2025,1,Political violence,Explosions/Remote violence,Shelling/artillery/missile attack,Military Forces of Israel (2022-),,8,Civilians (Palestine),,7,78,Civilian targeting,275,Middle East,Palestine,Gaza Strip,Khan Yunis,,Abasan al Kabirah,31.3191,34.3401,1,Palestinian Ministry of Health; Quds News Network,Other-National,"On 5 March 2025, Israeli tanks opened fire in eastern Abasan al Kabirah (Khan Yunis, Gaza Strip), casualties unknown. This event occurred following the expiration of the first phase of the ceasefire. [Palestinian Ministry of Health reported 6 fatalities between 5 - 6 March 2025. 3 fatalities not attributed to specific events split between 3 events on 5 - 6 March 2025. 1 fatality added to this event.]",1,,1753956656
PSE70002,3/5/2025,2025,1,Political violence,Explosions/Remote violence,Shelling/artillery/missile attack,Military Forces of Israel (2022-),,8,Civilians (Palestine),,7,78,Civilian targeting,275,Middle East,Palestine,Gaza Strip,Rafah,,Tal as Sultan,31.3098,34.2414,1,Palestinian Ministry of Health; Quds News Network,Other-National,"On 5 March 2025, Israeli tanks opened fire towards residential homes in Tal as Sultan (Rafah, Gaza Strip), casualties unknown. The event occurred following the expiration of the first phase of the ceasefire. [Palestinian Ministry of Health reported 6 fatalities between 5 - 6 March 2025. 3 fatalities not attributed to specific events split between 3 events on 5 - 6 March 2025. 1 fatality added to this event.]",1,,1762829569
PSE69939,3/6/2025,2025,1,Political violence,Explosions/Remote violence,Air/drone strike,Military Forces of Israel (2022-),,8,Civilians (Palestine),,7,78,Civilian targeting,275,Middle East,Palestine,Gaza Strip,Rafah,,Tal as Sultan,31.3098,34.2414,2,Quds News Network,National,"On 6 March 2025, Israeli drones [quadcopter] fired towards residential homes close to Al Qadisyeh school west of Rafah, coded to Tal as Sultan (Rafah, Gaza Strip), casualties unknown. While, Israeli tanks fired at the same area [casualties unknown]. This event occurred following the expiration of the first phase of the ceasefire.",0,,1762829569
PSE70159,3/6/2025,2025,1,Political violence,Explosions/Remote violence,Air/drone strike,Military Forces of Israel (2022-),,8,Civilians (Palestine),,7,78,Civilian targeting,275,Middle East,Palestine,Gaza Strip,Rafah,,Tal as Sultan,31.3098,34.2414,1,Quds News Network,National,"On 6 March 2025, an Israeli drone struck Al Saudi neighbourhood in Tal as Sultan (Rafah, Gaza Strip), resulting in one injury. This event occurred following the expiration of the first phase of the ceasefire.",0,,1762829569
PSE69952,3/6/2025,2025,1,Political violence,Explosions/Remote violence,Air/drone strike,Military Forces of Israel (2022-),,8,Civilians (Palestine),,7,78,Civilian targeting,275,Middle East,Palestine,Gaza Strip,Rafah,,Tal as Sultan,31.3098,34.2414,1,Palestinian Ministry of Health; Quds News Network,Other-National,"On 6 March 2025, an Israeli drone struck Tal as Sultan (Rafah, Gaza Strip), causing a fire to break out in an apartment, which the Palestinian Civil Defense extinguished. Casualties unknown. This event occurred following the expiration of the first phase of the ceasefire. [Palestinian Ministry of Health reported 6 fatalities between 5 - 6 March 2025. 3 fatalities not attributed to specific events split between 3 events on 5 - 6 March 2025. 1 fatality added to this event.]",1,,1762829569
PSE69940,3/7/2025,2025,1,Political violence,Explosions/Remote violence,Air/drone strike,Military Forces of Israel (2022-),,8,Civilians (Palestine),Refugees/IDPs (Palestine),7,78,Civilian targeting,275,Middle East,Palestine,Gaza Strip,Rafah,,Tal as Sultan,31.3098,34.2414,1,Ma'an News Agency; Palestinian Ministry of Health; Quds News Network,Other-National,"On 7 March 2025, an Israeli drone dropped a bomb on a refugee tent in Tal as Sultan (Rafah, Gaza Strip), resulting in two injuries. The event occurred following the expiration of the first phase of the ceasefire. [Palestinian Ministry of Health reported 6 fatalities on 7 March 2025. 4 fatalities not attributed to specific events added to this event.]",4,,1762829569
PSE70170,3/8/2025,2025,1,Political violence,Explosions/Remote violence,Air/drone strike,Military Forces of Israel (2022-),,8,Civilians (Palestine),,7,78,Civilian targeting,275,Middle East,Palestine,Gaza Strip,Khan Yunis,,Abasan al Kabirah,31.3191,34.3401,1,Quds News Network,National,"On 8 March 2025, Israeli drones struck Al Kadih neighborhood in Abasan al Kabirah (Khan Yunis, Gaza Strip), resulting in one child being injured [injured by shrapnel from the quadcopter]. Also, Israeli tanks fired in the same area [casualties unknown]. This event occurred following the expiration of the first phase of the ceasefire.",0,,1753956656
PSE70211,3/8/2025,2025,1,Political violence,Explosions/Remote violence,Air/drone strike,Military Forces of Israel (2022-),,8,Civilians (Palestine),,7,78,Civilian targeting,275,Middle East,Palestine,Gaza Strip,Gaza City,,Al Mughraqa,31.4675,34.4097,2,Jerusalem Post; Palestine News and Information Agency,National-Regional,"On 8 March 2025, an Israeli drone struck a group of people in Salah Al Deen street near Al Shuhadaa intersection coded to Al Mughraqa (Deir El Balah, Gaza Strip), resulting in three injuries. This event occurred following the expiration of the first phase of the ceasefire.",0,,1753956656
PSE70215,3/8/2025,2025,1,Political violence,Violence against civilians,Attack,Military Forces of Israel (2022-),,8,Civilians (Palestine),,7,78,Civilian targeting,275,Middle East,Palestine,Gaza Strip,Khan Yunis,,Abasan al Jadidah,31.3416,34.3459,1,Palestine News and Information Agency,National,"On 8 March 2025, Israeli forces opened fire in Abasan al Jadidah (Khan Yunis, Khan Yunis), resulting in one man being injured. This event occurred following the expiration of the first phase of the ceasefire.",0,,1753956656
PSE70219,3/8/2025,2025,1,Political violence,Violence against civilians,Attack,Military Forces of Israel (2022-),,8,Civilians (Palestine),,7,78,Civilian targeting,275,Middle East,Palestine,Gaza Strip,Khan Yunis,,Abasan al Kabirah,31.3191,34.3401,2,Ma'an News Agency,National,"On 8 March 2025, Israeli forces opened fire east of Khan Yunis coded to Abasan al Kabirah (Khan Yunis, Gaza Strip), resulting in two injuries [among them one child]. This event likely occurred at the buffer zone and it occurred following the expiration of the first phase of the ceasefire.",0,,1753956656
PSE70232,3/8/2025,2025,1,Political violence,Explosions/Remote violence,Air/drone strike,Military Forces of Israel (2022-),,8,Civilians (Palestine),,7,78,Civilian targeting,275,Middle East,Palestine,Gaza Strip,North Gaza,,Beit Hanoun - Al Balad,31.5417,34.5349,1,Palestine News and Information Agency; Quds News Network,National,"On 8 March 2025, an Israeli drone struck a bulldozer that was removing rubble from people's homes in Beit Hanoun - Al Balad (North Gaza, Gaza Strip), resulting in eight people being injured. This event occurred following the expiration of the first phase of the ceasefire.",0,,1753956656
PSE70172,3/8/2025,2025,1,Political violence,Explosions/Remote violence,Air/drone strike,Military Forces of Israel (2022-),,8,Civilians (Palestine),,7,78,Civilian targeting,275,Middle East,Palestine,Gaza Strip,Gaza City,,Gaza - Ijdeedeh,31.4984,34.4978,1,Arab 48; Ma'an News Agency,National,"On 8 March 2025, an Israeli drone struck a group of people close to Al Moutasem Mosque at the end of Al Mansoura Street, east of Shujaiyya coded to Gaza - Ijdeedeh (Gaza City, Gaza Strip), resulting in two killed. This event likely occurred at the buffer zone and it occurred following the expiration of the first phase of the ceasefire.",2,,1753956656
PSE70175,3/8/2025,2025,1,Political violence,Explosions/Remote violence,Air/drone strike,Military Forces of Israel (2022-),,8,Civilians (Palestine),,7,78,Civilian targeting,275,Middle East,Palestine,Gaza Strip,Rafah,,Brazil Camp,31.2718,34.2532,1,Palestine News and Information Agency,National,"On 8 March 2025, an Israeli drone dropped a bomb on a group of people in Al Brazil neighborhood south of Rafah coded to Brazil Camp (Rafah, Gaza Strip), resulting in three injuries. This event occurred following the expiration of the first phase of the ceasefire.",0,,1753956656
PSE70236,3/8/2025,2025,1,Political violence,Explosions/Remote violence,Air/drone strike,Military Forces of Israel (2022-),,8,Civilians (Palestine),,7,78,Civilian targeting,275,Middle East,Palestine,Gaza Strip,Rafah,,As Salam,31.2678,34.2567,2,Quds News Network,National,"On 8 March 2025, an Israeli drone [quadcopter] fired at a residential home in George street east of Rafah city, coded to As Salam (Rafah, Gaza Strip), resulting in one man killed. A footballer player died from his wounds on 12 March 2025. Total fatalities 2. This event occurred following the expiration of the first phase of the ceasefire.",2,,1753956656
PSE70220,3/9/2025,2025,1,Political violence,Explosions/Remote violence,Air/drone strike,Military Forces of Israel (2022-),,8,Civilians (Palestine),,7,78,Civilian targeting,275,Middle East,Palestine,Gaza Strip,Khan Yunis,,Abasan al Kabirah,31.3191,34.3401,1,Quds News Network,National,"On 9 March 2025, an Israeli drone fired heavily in eastern Abasan al Kabirah (Khan Yunis, Gaza Strip), casualties unknown. Also, Israeli tanks heavily opened fire at Al Snatti area in the same location, casualties unknown. This event likely occurred at the buffer zone and following the expiration of the first phase of the ceasefire.",0,,1753956656
PSE70231,3/9/2025,2025,1,Political violence,Violence against civilians,Attack,Military Forces of Israel (2022-),,8,Civilians (Palestine),,7,78,Civilian targeting,275,Middle East,Palestine,Gaza Strip,Khan Yunis,,Khuzaa,31.3069,34.3572,1,Quds News Network,National,"On 9 March 2025, Israeli forces opened fire in Khuzaa (Khan Yunis, Gaza Strip), resulting in two injuries [a woman and a man]. The man died from his wounds on 12 March 2025. This event occurred following the expiration of the first phase of the ceasefire.",1,,1753956656
